City_ID,City,Country,Date,Lat,Lng,Max Temp,Humidity,Cloudiness,Wind Speed
0,Katsuura,JP,2022-03-11 22:32:35,35.1333,140.3,55.72,54,0,6.87
1,Busselton,AU,2022-03-11 22:25:20,-33.65,115.3333,67.48,80,15,6.73
2,Pisco,PE,2022-03-11 22:28:59,-13.7,-76.2167,75.25,73,0,11.5
3,Fukue,JP,2022-03-11 22:32:36,32.6881,128.8419,61.59,76,76,5.97
4,Hobart,AU,2022-03-11 22:27:15,-42.8794,147.3294,62.26,70,20,9.22
5,Ust-Kuyga,RU,2022-03-11 22:32:36,70.0167,135.6,-5.75,99,100,2.21
6,Grindavik,IS,2022-03-11 22:32:37,63.8424,-22.4338,39.15,81,75,14.97
7,Ancud,CL,2022-03-11 22:32:37,-41.8697,-73.8203,58.91,82,2,3.06
8,Georgetown,MY,2022-03-11 22:25:27,5.4112,100.3354,80.53,93,20,1.14
9,Rikitea,PF,2022-03-11 22:30:58,-23.1203,-134.9692,78.13,70,3,1.48
10,Tasiilaq,GL,2022-03-11 22:27:42,65.6145,-37.6368,35.76,86,100,26.22
11,Port Alfred,ZA,2022-03-11 22:25:20,-33.5906,26.891,73.98,89,58,18.39
12,Mataura,NZ,2022-03-11 22:24:08,-46.1927,168.8643,55.47,83,100,9.98
13,Komsomolets,KZ,2022-03-11 22:32:38,53.7453,62.0708,-0.99,96,100,10.29
14,Baykit,RU,2022-03-11 22:26:33,61.67,96.37,-15.9,99,99,2.53
15,Gornopravdinsk,RU,2022-03-11 22:32:38,60.05,69.9,-17.5,100,98,3.65
16,Kodiak,US,2022-03-11 22:25:19,57.79,-152.4072,40.51,87,100,5.75
17,Esperance,AU,2022-03-11 22:32:38,-33.8667,121.9,64.24,63,97,14.58
18,Tarko-Sale,RU,2022-03-11 22:32:39,64.9225,77.785,-17.64,100,72,7.76
19,Victoria,HK,2022-03-11 22:30:19,22.2855,114.1577,68.95,87,5,5.99
20,Bluff,NZ,2022-03-11 22:31:05,-46.6,168.3333,55.8,78,93,22.21
21,Tautira,PF,2022-03-11 22:32:39,-17.7333,-149.15,80.74,69,27,8.95
22,Norman Wells,CA,2022-03-11 22:26:36,65.282,-126.8329,-7.56,59,75,12.66
23,Saint-Philippe,RE,2022-03-11 22:26:40,-21.3585,55.7679,74.79,82,40,8.52
24,Ushuaia,AR,2022-03-11 22:30:58,-54.8,-68.3,49.66,57,20,21.85
25,Jamestown,US,2022-03-11 22:24:54,42.097,-79.2353,37.02,66,100,9.22
26,Verkhnyaya Inta,RU,2022-03-11 22:32:39,65.9811,60.3094,14.07,79,100,19.19
27,New Norfolk,AU,2022-03-11 22:23:02,-42.7826,147.0587,61.92,71,12,2.64
28,Cherskiy,RU,2022-03-11 22:28:54,68.75,161.3,-5.75,84,1,1.97
29,Coahuayana,MX,2022-03-11 22:32:40,18.7333,-103.6833,82.87,46,10,7.56
30,Morant Bay,JM,2022-03-11 22:32:40,17.8815,-76.4093,82.71,81,3,10.6
31,Bethel,US,2022-03-11 22:23:08,41.3712,-73.414,50.09,49,0,11.5
32,Surt,LY,2022-03-11 22:32:41,31.2089,16.5887,54.54,63,0,9.44
33,Appleton,US,2022-03-11 22:30:00,44.2619,-88.4154,21.33,42,75,26.46
34,Grand-Santi,GF,2022-03-11 22:32:41,4.25,-54.3833,73.69,97,49,3.44
35,Souillac,MU,2022-03-11 22:25:19,-20.5167,57.5167,79.18,89,40,3.44
36,Torbay,CA,2022-03-11 22:28:55,47.6666,-52.7314,33.39,57,20,21.85
37,Grand Gaube,MU,2022-03-11 22:26:40,-20.0064,57.6608,79.2,88,13,14.12
38,Kaitangata,NZ,2022-03-11 22:25:21,-46.2817,169.8464,57.31,73,100,16.22
39,Atuona,PF,2022-03-11 22:25:24,-9.8,-139.0333,78.89,75,84,17.0
40,Sorong,ID,2022-03-11 22:32:41,-0.8833,131.25,79.75,81,100,3.89
41,Castro,BR,2022-03-11 22:26:39,-24.7911,-50.0119,66.31,97,87,5.75
42,Kapaa,US,2022-03-11 22:24:10,22.0752,-159.319,81.12,70,75,9.22
43,Aden,YE,2022-03-11 22:33:12,12.7794,45.0367,77.13,74,95,17.09
44,Hualmay,PE,2022-03-11 22:33:12,-11.0964,-77.6139,74.52,76,38,8.25
45,Saldanha,ZA,2022-03-11 22:26:36,-33.0117,17.9442,66.25,78,48,4.16
46,Vaini,TO,2022-03-11 22:31:02,-21.2,-175.2,86.16,74,75,9.22
47,Sioux Lookout,CA,2022-03-11 22:33:12,50.1001,-91.917,5.07,72,100,14.97
48,Saskylakh,RU,2022-03-11 22:25:26,71.9167,114.0833,-19.97,98,100,3.44
49,Butaritari,KI,2022-03-11 22:24:06,3.0707,172.7902,80.31,81,95,19.91
50,Ambilobe,MG,2022-03-11 22:33:13,-13.2,49.05,72.82,96,100,2.1
51,Uyemskiy,RU,2022-03-11 22:33:13,64.4743,40.8524,28.45,93,75,4.47
52,Mareeba,AU,2022-03-11 22:33:13,-17.0,145.4333,80.44,84,74,4.27
53,Shingu,JP,2022-03-11 22:29:27,33.7333,135.9833,51.98,85,26,5.82
54,Luderitz,NA,2022-03-11 22:27:53,-26.6481,15.1594,69.06,78,4,6.58
55,Yarada,IN,2022-03-11 22:33:14,17.65,83.2667,71.92,94,20,2.3
56,Breytovo,RU,2022-03-11 22:33:14,58.2993,37.8617,25.56,97,100,4.16
57,Ayan,RU,2022-03-11 22:31:04,56.45,138.1667,14.94,75,100,4.76
58,Port Hedland,AU,2022-03-11 22:33:14,-20.3167,118.5667,78.85,65,4,6.91
59,Espanola,US,2022-03-11 22:33:15,35.9911,-106.0806,43.95,32,30,1.01
60,Ipixuna,BR,2022-03-11 22:33:15,-1.7625,-48.8043,73.94,97,100,2.06
61,Port Blair,IN,2022-03-11 22:24:14,11.6667,92.75,77.04,94,40,2.3
62,Upernavik,GL,2022-03-11 22:25:28,72.7868,-56.1549,-16.11,100,64,7.49
63,Tiksi,RU,2022-03-11 22:33:15,71.6872,128.8694,-11.52,93,100,7.85
64,Hilo,US,2022-03-11 22:25:20,19.7297,-155.09,82.13,65,40,10.36
65,Madang,PG,2022-03-11 22:33:16,-5.2246,145.7966,79.56,84,90,3.74
66,Porto Belo,BR,2022-03-11 22:33:16,-27.1578,-48.5531,78.19,96,81,11.23
67,Inirida,CO,2022-03-11 22:33:16,3.8653,-67.9239,79.11,81,97,2.42
68,Sidi Ali,DZ,2022-03-11 22:33:17,36.0998,0.4206,55.26,73,100,7.16
69,Pandrup,DK,2022-03-11 22:33:17,57.2215,9.6757,37.31,65,0,17.27
70,Hermanus,ZA,2022-03-11 22:24:07,-34.4187,19.2345,77.81,75,99,7.63
71,Puerto Del Rosario,ES,2022-03-11 22:33:17,28.5004,-13.8627,64.15,68,20,8.05
72,Tuktoyaktuk,CA,2022-03-11 22:33:18,69.4541,-133.0374,-2.2,84,100,11.5
73,Antanifotsy,MG,2022-03-11 22:33:18,-19.65,47.3167,60.35,96,100,1.86
74,Bartica,GY,2022-03-11 22:33:18,6.4,-58.6167,80.92,95,44,3.69
75,Yabelo,ET,2022-03-11 22:33:18,4.8833,38.0833,65.39,37,87,20.69
76,Mahebourg,MU,2022-03-11 22:25:21,-20.4081,57.7,79.09,89,40,3.44
77,Canmore,CA,2022-03-11 22:28:55,51.0834,-115.3521,41.11,44,100,12.66
78,Kirakira,SB,2022-03-11 22:33:19,-10.4544,161.9205,84.56,71,53,1.43
79,Wadi Maliz,TN,2022-03-11 22:33:19,36.4681,8.5495,51.46,81,83,1.52
80,Saint George,US,2022-03-11 22:21:01,37.1041,-113.5841,59.43,12,0,5.75
81,Bredasdorp,ZA,2022-03-11 22:33:19,-34.5322,20.0403,67.32,88,100,1.14
82,Dikson,RU,2022-03-11 22:27:51,73.5069,80.5464,-0.96,94,100,24.52
83,Albany,US,2022-03-11 22:28:22,42.6001,-73.9662,50.41,57,99,1.01
84,Vostok,RU,2022-03-11 22:33:20,46.4856,135.8833,18.75,88,97,3.89
85,Tambacounda,SN,2022-03-11 22:33:20,13.7539,-13.7586,91.45,10,0,11.5
86,San Quintin,MX,2022-03-11 22:25:28,30.4833,-115.95,64.99,41,61,6.46
87,Huandacareo,MX,2022-03-11 22:33:20,19.9833,-101.2833,82.35,8,4,3.31
88,Ouahigouya,BF,2022-03-11 22:33:21,13.5828,-2.4216,83.21,13,54,10.22
89,Ponta Do Sol,PT,2022-03-11 22:31:01,32.6667,-17.1,63.23,68,93,1.14
90,Studena,CZ,2022-03-11 22:33:51,49.1852,15.2869,26.67,54,0,7.0
91,Khatanga,RU,2022-03-11 22:26:31,71.9667,102.5,-29.63,100,93,5.21
92,Dingle,PH,2022-03-11 22:31:06,10.9995,122.6711,77.59,88,78,4.54
93,Barrow,US,2022-03-11 22:25:18,71.2906,-156.7887,1.42,85,100,9.22
94,Punta Arenas,CL,2022-03-11 22:28:18,-53.15,-70.9167,51.91,58,0,6.91
95,Moron,AR,2022-03-11 22:33:52,-34.6534,-58.6198,71.35,52,0,5.39
96,Sao Filipe,CV,2022-03-11 22:33:52,14.8961,-24.4956,73.53,66,27,11.18
97,Qaanaaq,GL,2022-03-11 22:24:11,77.484,-69.3632,-11.65,72,34,5.37
98,Pevek,RU,2022-03-11 22:26:34,69.7008,170.3133,-1.39,79,1,2.68
99,Cape Town,ZA,2022-03-11 22:20:27,-33.9258,18.4232,70.12,78,0,1.14
100,Krasnoselkup,RU,2022-03-11 22:33:52,65.7,82.4667,-22.45,100,100,7.38
101,Deputatskiy,RU,2022-03-11 22:26:42,69.3,139.9,-16.28,98,92,5.61
102,Coos Bay,US,2022-03-11 22:33:53,43.3665,-124.2179,66.31,76,0,5.75
103,Avarua,CK,2022-03-11 22:31:45,-21.2078,-159.775,84.25,79,20,4.61
104,Bonavista,CA,2022-03-11 22:33:53,48.6499,-53.1147,30.24,65,99,19.24
105,Ribeira Grande,PT,2022-03-11 22:25:27,38.5167,-28.7,61.2,77,40,13.8
106,Vila Velha,BR,2022-03-11 22:25:56,-20.3297,-40.2925,80.55,83,20,12.66
107,Zhanaozen,KZ,2022-03-11 22:33:53,43.3,52.8,42.31,85,100,4.81
108,Touros,BR,2022-03-11 22:26:40,-5.1989,-35.4608,80.96,70,100,10.8
109,Bhimunipatnam,IN,2022-03-11 22:33:54,17.8833,83.4333,71.11,61,35,3.06
110,Bathsheba,BB,2022-03-11 22:33:54,13.2167,-59.5167,79.41,69,20,17.27
111,Pokrovskoye,RU,2022-03-11 22:33:54,47.4157,38.8971,23.27,71,100,15.08
112,Nebbi,UG,2022-03-11 22:33:55,2.4783,31.0889,79.5,39,100,4.16
113,Mount Isa,AU,2022-03-11 22:33:55,-20.7333,139.5,85.77,21,8,9.22
114,Mujiayingzi,CN,2022-03-11 22:33:55,42.1167,118.7833,36.09,75,100,8.86
115,Batagay-Alyta,RU,2022-03-11 22:33:55,67.8006,130.4114,-9.42,91,89,4.27
116,Milkovo,RU,2022-03-11 22:33:12,54.7167,158.6167,20.25,89,99,2.59
117,Broome,US,2022-03-11 22:33:56,42.2506,-75.833,48.9,63,40,10.0
118,Tuatapere,NZ,2022-03-11 22:33:56,-46.1333,167.6833,58.66,76,99,10.94
119,Cockburn Town,TC,2022-03-11 22:33:56,21.4612,-71.1419,78.03,81,0,20.04
120,Vao,NC,2022-03-11 22:33:57,-22.6667,167.4833,79.5,71,52,10.0
121,Robore,BO,2022-03-11 22:33:57,-18.3333,-59.75,75.29,83,100,11.5
122,Iquique,CL,2022-03-11 22:30:25,-20.2208,-70.1431,71.64,84,44,2.8
123,Baleshwar,IN,2022-03-11 22:33:57,21.4942,86.9317,72.68,31,79,5.61
124,Ereymentau,KZ,2022-03-11 22:33:58,51.6199,73.1033,6.13,97,100,16.87
125,Tandalti,SD,2022-03-11 22:33:58,13.0167,31.8667,75.58,18,23,18.7
126,Yellowknife,CA,2022-03-11 22:21:41,62.456,-114.3525,3.42,74,100,8.01
127,Pierre,US,2022-03-11 22:33:59,44.3683,-100.351,18.86,35,0,17.27
128,East London,ZA,2022-03-11 22:31:00,-33.0153,27.9116,74.14,87,15,17.56
129,Santa Catalina,PH,2022-03-11 22:33:59,9.3337,122.8637,80.1,81,96,3.02
130,Nikolskoye,RU,2022-03-11 22:24:08,59.7035,30.7861,32.88,97,100,4.38
131,Hithadhoo,MV,2022-03-11 22:31:04,-0.6,73.0833,82.13,61,16,4.52
132,Bukachacha,RU,2022-03-11 22:33:59,52.9833,116.9167,8.46,85,100,4.18
133,Arraial Do Cabo,BR,2022-03-11 22:28:33,-22.9661,-42.0278,80.46,69,0,17.27
134,Kajaani,FI,2022-03-11 22:34:00,64.2273,27.7285,21.25,100,100,2.3
135,Sortavala,RU,2022-03-11 22:34:00,61.7053,30.6918,27.28,97,95,4.27
136,San Cristobal,VE,2022-03-11 22:34:00,7.7669,-72.225,73.58,95,92,2.86
137,Manta,EC,2022-03-11 22:32:36,-0.95,-80.7333,82.18,74,20,4.61
138,Cortez,US,2022-03-11 22:34:31,37.3489,-108.5859,40.03,29,0,13.8
139,Emerald,AU,2022-03-11 22:34:31,-23.5333,148.1667,78.94,69,50,11.5
140,Alta Floresta,BR,2022-03-11 22:34:31,-9.8756,-56.0861,73.89,94,79,1.92
141,De Aar,ZA,2022-03-11 22:34:31,-30.6497,24.0123,77.72,41,92,13.87
142,Port Elizabeth,ZA,2022-03-11 22:34:32,-33.918,25.5701,71.89,83,0,13.8
143,Aklavik,CA,2022-03-11 22:27:47,68.2191,-135.0107,-4.18,92,100,2.33
144,Eureka,US,2022-03-11 22:34:32,40.8021,-124.1637,66.13,68,13,3.0
145,Thompson,CA,2022-03-11 22:30:21,55.7435,-97.8558,3.36,47,20,12.66
146,Irbil,IQ,2022-03-11 22:34:32,36.1926,44.0106,44.15,77,74,3.18
147,Mtwara,TZ,2022-03-11 22:34:33,-10.2667,40.1833,81.73,89,75,12.66
148,Longyearbyen,SJ,2022-03-11 22:31:08,78.2186,15.6401,12.04,79,0,2.3
149,Kyra,RU,2022-03-11 22:34:33,49.5776,111.9753,16.92,65,99,14.34
150,Hami,CN,2022-03-11 22:34:34,42.8,93.45,48.96,36,83,5.44
151,Lorengau,PG,2022-03-11 22:34:34,-2.0226,147.2712,83.57,72,95,4.52
152,Puerto Ayora,EC,2022-03-11 22:31:44,-0.7393,-90.3518,84.16,89,89,1.01
153,San Patricio,US,2022-03-11 22:25:18,28.017,-97.5169,57.07,71,100,21.43
154,Talnakh,RU,2022-03-11 22:34:34,69.4865,88.3972,-24.81,98,82,8.66
155,Cidreira,BR,2022-03-11 22:34:35,-30.1811,-50.2056,69.84,78,100,13.69
156,Muisne,EC,2022-03-11 22:34:35,0.6,-80.0333,79.56,78,67,3.83
157,Carnarvon,AU,2022-03-11 22:26:38,-24.8667,113.6333,73.47,94,40,0.0
158,Woodstock,CA,2022-03-11 22:30:00,43.1334,-80.7497,30.42,94,100,8.99
159,Chandler,US,2022-03-11 22:33:20,33.3062,-111.8412,71.46,10,0,8.05
160,Anadyr,RU,2022-03-11 22:31:02,64.75,177.4833,4.12,73,0,2.37
161,Kampot,KH,2022-03-11 22:34:36,10.6167,104.1833,75.25,84,58,4.76
162,Sao Felix Do Xingu,BR,2022-03-11 22:34:36,-6.6447,-51.995,71.13,98,100,2.33
163,Poum,NC,2022-03-11 22:34:36,-20.2333,164.0167,81.7,74,1,1.97
164,Egvekinot,RU,2022-03-11 22:34:36,66.3167,-179.1667,19.53,62,0,8.21
165,Phetchabun,TH,2022-03-11 22:34:37,16.25,101.0833,81.48,52,13,1.92
166,Lovozero,RU,2022-03-11 22:34:37,68.005,35.0117,24.21,94,48,10.54
167,Plouzane,FR,2022-03-11 22:34:37,48.3833,-4.6167,46.45,87,0,13.8
168,Nanortalik,GL,2022-03-11 22:34:38,60.1432,-45.2371,13.6,75,85,29.68
169,Salalah,OM,2022-03-11 22:34:38,17.0151,54.0924,73.49,33,0,0.0
170,Clyde River,CA,2022-03-11 22:34:38,70.4692,-68.5914,-21.77,69,0,0.0
171,San Pedro,PH,2022-03-11 22:34:38,14.35,121.0167,79.83,85,20,2.3
172,San Carlos De Bariloche,AR,2022-03-11 22:34:39,-41.1456,-71.3082,73.15,23,0,6.91
173,Sur,OM,2022-03-11 22:34:39,22.5667,59.5289,78.06,49,57,7.29
174,Pilar,BR,2022-03-11 22:34:39,-9.5972,-35.9567,76.93,79,99,3.91
175,Airai,TL,2022-03-11 22:25:26,-8.9266,125.4092,60.24,94,81,1.86
176,Lakselv,NO,2022-03-11 22:34:40,70.0513,24.9718,33.62,93,75,0.0
177,Camacupa,AO,2022-03-11 22:34:40,-12.0167,17.4833,62.91,94,100,2.89
178,Chapais,CA,2022-03-11 22:34:40,49.7834,-74.8492,20.98,90,99,3.98
179,Mindelo,CV,2022-03-11 22:26:32,16.8901,-24.9804,69.35,73,40,20.71
180,Mar Del Plata,AR,2022-03-11 22:28:01,-38.0023,-57.5575,63.09,71,40,11.99
181,Erzin,TR,2022-03-11 22:34:41,36.9559,36.2,34.84,69,36,4.99
182,Gorontalo,ID,2022-03-11 22:34:41,0.5412,123.0595,79.05,88,81,1.45
183,Los Llanos De Aridane,ES,2022-03-11 22:31:06,28.6585,-17.9182,61.12,93,0,4.61
184,Winnemucca,US,2022-03-11 22:35:11,40.973,-117.7357,50.05,27,0,3.44
185,Kieta,PG,2022-03-11 22:26:41,-6.2167,155.6333,82.06,65,10,2.95
186,Stepnyak,KZ,2022-03-11 22:35:12,52.8339,70.7803,1.76,97,100,13.02
187,Rumonge,BI,2022-03-11 22:35:12,-3.9736,29.4386,72.09,75,94,4.65
188,Kotelnich,RU,2022-03-11 22:35:12,58.3089,48.348,6.24,95,100,5.37
189,Jaru,BR,2022-03-11 22:30:13,-10.4389,-62.4664,75.81,94,74,2.68
190,Banda Aceh,ID,2022-03-11 22:35:13,5.5577,95.3222,78.01,83,88,6.13
191,Bambous Virieux,MU,2022-03-11 22:26:35,-20.3428,57.7575,79.05,89,40,3.44
192,Dehra Dun,IN,2022-03-11 22:35:13,30.3167,78.0333,61.18,38,0,5.5
193,Chokurdakh,RU,2022-03-11 22:35:13,70.6333,147.9167,-11.06,96,100,7.38
194,Puerto Baquerizo Moreno,EC,2022-03-11 22:32:49,-0.9,-89.6,80.42,73,84,3.85
195,Prince Rupert,CA,2022-03-11 22:35:14,54.3161,-130.3201,44.69,81,100,6.91
196,Merauke,ID,2022-03-11 22:35:14,-8.4667,140.3333,78.26,87,100,4.72
197,Yabrud,SY,2022-03-11 22:35:14,33.9674,36.6574,28.51,70,41,9.84
198,Nome,US,2022-03-11 22:25:25,64.5011,-165.4064,26.67,46,0,10.36
199,Kota Tinggi,MY,2022-03-11 22:35:15,1.7381,103.8999,78.84,94,58,3.49
200,Burns Lake,CA,2022-03-11 22:35:15,54.2331,-125.7533,44.02,69,69,10.38
201,Namibe,AO,2022-03-11 22:35:15,-15.1961,12.1522,72.77,81,89,8.41
202,Sahuaripa,MX,2022-03-11 22:35:15,29.05,-109.2333,71.67,14,0,4.85
203,Manicore,BR,2022-03-11 22:35:16,-5.8092,-61.3003,75.63,94,68,1.1
204,Bandarbeyla,SO,2022-03-11 22:35:16,9.4942,50.8122,76.03,73,90,9.6
205,Kavieng,PG,2022-03-11 22:27:42,-2.5744,150.7967,82.83,73,100,7.61
206,Mount Gambier,AU,2022-03-11 22:28:54,-37.8333,140.7667,49.91,93,0,5.75
207,Baker City,US,2022-03-11 22:35:16,44.7749,-117.8344,44.31,47,100,4.61
208,Mantua,IT,2022-03-11 22:35:17,45.1667,10.7833,43.84,73,85,3.0
209,Hasaki,JP,2022-03-11 22:35:17,35.7333,140.8333,46.29,65,0,10.87
210,Menongue,AO,2022-03-11 22:35:17,-14.6585,17.691,64.76,98,100,2.75
211,Trincomalee,LK,2022-03-11 22:35:18,8.5711,81.2335,79.74,81,75,6.06
212,Oistins,BB,2022-03-11 22:35:18,13.0667,-59.5333,78.89,69,20,17.27
213,Wellington,NZ,2022-03-11 22:35:18,-41.2866,174.7756,66.06,89,75,19.57
214,Saint-Michel-Des-Saints,CA,2022-03-11 22:35:18,46.6834,-73.9159,29.93,98,100,1.88
215,Barcelos,PT,2022-03-11 22:27:46,41.5388,-8.6151,49.84,78,12,1.79
216,Half Moon Bay,US,2022-03-11 22:35:19,37.4636,-122.4286,75.45,45,0,0.0
217,Te Anau,NZ,2022-03-11 22:35:19,-45.4167,167.7167,61.5,57,96,4.0
218,Batticaloa,LK,2022-03-11 22:35:19,7.7102,81.6924,77.41,84,87,4.79
219,Clarence Town,AU,2022-03-11 22:35:20,-32.5833,151.7833,69.82,71,17,1.95
220,Namwala,ZM,2022-03-11 22:35:20,-15.7504,26.4384,63.66,96,58,4.12
221,Narsaq,GL,2022-03-11 22:27:44,60.9167,-46.05,7.02,85,99,2.73
222,Shimoda,JP,2022-03-11 22:35:20,34.6667,138.95,56.1,54,0,11.41
223,Nahan,IN,2022-03-11 22:35:21,30.55,77.3,61.07,39,0,3.71
224,Malayal,PH,2022-03-11 22:35:21,7.208,121.942,76.8,82,79,1.43
225,Mpika,ZM,2022-03-11 22:35:22,-11.8343,31.4529,61.48,99,100,6.15
226,Amurzet,RU,2022-03-11 22:35:22,47.6967,131.0981,16.05,91,13,5.28
227,Kailua,US,2022-03-11 22:31:47,21.4022,-157.7394,85.98,68,75,10.36
228,Lompoc,US,2022-03-11 22:22:22,34.6391,-120.4579,75.69,24,0,16.11
229,San Felipe,VE,2022-03-11 22:35:52,10.3399,-68.7425,72.55,94,69,5.82
230,Kayes,ML,2022-03-11 22:35:53,14.0,-11.0,88.77,10,20,12.68
231,Provideniya,RU,2022-03-11 22:27:52,64.3833,-173.3,24.58,53,0,10.45
232,Vardo,NO,2022-03-11 22:35:53,70.3705,31.1107,32.65,76,83,14.72
233,Korla,CN,2022-03-11 22:35:53,41.7597,86.1469,46.63,34,61,3.98
234,Gat,IL,2022-03-11 22:35:54,31.61,34.7642,49.82,100,100,11.95
235,Alofi,NU,2022-03-11 22:35:54,-19.0595,-169.9187,75.09,94,98,6.91
236,Wanning,CN,2022-03-11 22:35:55,18.8003,110.3967,71.4,82,74,5.97
237,Camacha,PT,2022-03-11 22:35:55,33.0833,-16.3333,56.62,72,0,5.75
238,Rodrigues Alves,BR,2022-03-11 22:35:55,-7.738,-72.6509,84.4,89,31,2.93
239,Zelenoborskiy,RU,2022-03-11 22:35:56,66.845,32.3622,16.95,96,96,4.7
240,Kalianget,ID,2022-03-11 22:35:56,-7.05,113.9333,79.66,84,99,6.44
241,Tiznit,MA,2022-03-11 22:35:56,29.5833,-9.5,54.18,74,92,2.57
242,Vanersborg,SE,2022-03-11 22:35:57,58.3807,12.3234,33.58,93,1,2.3
243,Yidu,CN,2022-03-11 22:35:57,24.1614,115.1328,64.87,78,17,1.97
244,Fairbanks,US,2022-03-11 22:26:34,64.8378,-147.7164,21.92,36,0,10.36
245,Hobyo,SO,2022-03-11 22:35:57,5.3505,48.5268,77.25,69,92,12.91
246,Kalmunai,LK,2022-03-11 22:35:57,7.4167,81.8167,76.15,88,80,6.64
247,Vestmannaeyjar,IS,2022-03-11 22:35:58,63.4427,-20.2734,42.08,63,100,13.8
248,Olafsvik,IS,2022-03-11 22:35:58,64.8945,-23.7142,39.61,76,62,20.74
249,Padang,ID,2022-03-11 22:30:59,-0.9492,100.3543,77.27,84,94,3.8
250,Marawi,PH,2022-03-11 22:27:44,7.9986,124.2928,68.47,95,97,1.63
251,Beeville,US,2022-03-11 22:35:58,28.4008,-97.7483,48.38,49,100,17.27
252,Vytegra,RU,2022-03-11 22:35:59,61.0064,36.4481,31.24,99,100,4.56
253,Kaeo,NZ,2022-03-11 22:35:59,-35.1,173.7833,77.32,68,17,4.05
254,Ketchikan,US,2022-03-11 22:32:48,55.3422,-131.6461,46.87,61,75,5.23
255,Lebu,CL,2022-03-11 22:22:15,-37.6167,-73.65,61.9,80,0,17.94
256,Margate,GB,2022-03-11 22:33:48,51.3813,1.3862,49.87,80,89,8.99
257,Itoman,JP,2022-03-11 22:36:00,26.1247,127.6694,65.17,80,20,4.61
258,Poya,NC,2022-03-11 22:36:00,-21.35,165.15,86.13,63,6,3.36
259,Inhambane,MZ,2022-03-11 22:36:00,-23.865,35.3833,75.25,89,9,10.0
260,Cafelandia,BR,2022-03-11 22:36:01,-21.8025,-49.61,73.11,84,71,2.8
261,Nefteyugansk,RU,2022-03-11 22:36:01,61.0998,72.6035,-11.02,100,100,7.92
262,Swan Hill,AU,2022-03-11 22:36:01,-35.3378,143.5544,67.33,46,49,9.62
263,Maceio,BR,2022-03-11 22:23:50,-9.6658,-35.7353,78.24,83,20,4.61
264,Huinan,CN,2022-03-11 22:36:02,42.6225,126.2614,34.29,42,99,4.18
265,Kandrian,PG,2022-03-11 22:36:02,-6.2167,149.55,83.26,72,6,4.38
266,Neiafu,TO,2022-03-11 22:36:02,-18.65,-173.9833,84.88,79,75,8.05
267,Chuy,UY,2022-03-11 22:31:10,-33.6971,-53.4616,63.34,66,57,10.2
268,Batabano,CU,2022-03-11 22:36:03,22.7164,-82.2881,88.41,73,0,11.34
269,Hovd,MN,2022-03-11 22:36:03,48.0056,91.6419,16.93,75,100,2.48
270,North Platte,US,2022-03-11 22:36:03,41.1239,-100.7654,30.25,52,100,8.99
271,Mersing,MY,2022-03-11 22:36:04,2.4312,103.8405,78.71,78,37,5.75
272,Vila Franca Do Campo,PT,2022-03-11 22:36:04,37.7167,-25.4333,63.19,95,100,18.95
273,Alice Springs,AU,2022-03-11 22:33:08,-23.7,133.8833,60.35,59,0,5.75
274,Pascagoula,US,2022-03-11 22:36:04,30.3658,-88.5561,75.2,84,100,0.0
275,Flinders,AU,2022-03-11 22:36:35,-34.5833,150.8552,66.18,92,96,5.99
276,Buala,SB,2022-03-11 22:36:35,-8.145,159.5921,84.02,72,83,4.88
277,Wawa,NG,2022-03-11 22:36:35,9.9022,4.4192,91.13,22,65,0.2
278,Port Lincoln,AU,2022-03-11 22:36:13,-34.7333,135.8667,67.82,68,0,14.45
279,Osoyoos,CA,2022-03-11 22:36:36,49.0331,-119.4524,45.03,46,98,5.75
280,Tooele,US,2022-03-11 22:36:36,40.5308,-112.2983,38.32,42,100,3.44
281,Mitsamiouli,KM,2022-03-11 22:36:36,-11.3847,43.2844,82.2,74,100,9.04
282,Honningsvag,NO,2022-03-11 22:36:36,70.9821,25.9704,35.76,73,87,8.97
283,Punta Umbria,ES,2022-03-11 22:36:37,37.1821,-6.9661,54.23,69,13,12.19
284,Trairi,BR,2022-03-11 22:27:58,-3.2778,-39.2689,75.51,90,100,5.57
285,Borbon,PH,2022-03-11 22:36:37,10.838,124.0297,79.47,87,100,3.67
286,Guerrero Negro,MX,2022-03-11 22:36:37,27.9769,-114.0611,72.82,20,3,20.98
287,Williamsport,US,2022-03-11 22:36:38,41.2412,-77.0011,55.13,50,0,11.5
288,La Ronge,CA,2022-03-11 22:36:38,55.1001,-105.2842,10.65,28,75,4.61
289,Wanaka,NZ,2022-03-11 22:36:38,-44.7,169.15,66.11,52,66,1.01
290,Rio Gallegos,AR,2022-03-11 22:36:38,-51.6226,-69.2181,53.65,54,75,13.8
291,Teknaf,BD,2022-03-11 22:36:39,20.8624,92.3058,70.11,49,100,7.67
292,Halifax,CA,2022-03-11 22:35:19,44.6453,-63.5724,37.4,84,100,6.91
293,Lavras,BR,2022-03-11 22:36:39,-21.2453,-44.9997,70.86,73,29,1.43
294,Moose Factory,CA,2022-03-11 22:36:39,51.2585,-80.6094,24.8,46,100,14.97
295,San Jose,US,2022-03-11 22:32:38,37.3394,-121.895,76.53,13,0,9.22
296,Faanui,PF,2022-03-11 22:36:40,-16.4833,-151.75,81.55,69,24,9.8
297,Frontera,MX,2022-03-11 22:36:40,26.9333,-101.45,62.44,33,0,20.09
298,Severo-Kurilsk,RU,2022-03-11 22:32:18,50.6789,156.125,32.14,93,100,3.51
299,Klaksvik,FO,2022-03-11 22:30:57,62.2266,-6.589,47.32,92,100,39.97
300,Tazovskiy,RU,2022-03-11 22:32:15,67.4667,78.7,-19.21,100,28,8.05
301,Sorochinsk,RU,2022-03-11 22:36:40,52.4338,53.1583,10.56,93,96,6.87
302,Yulara,AU,2022-03-11 22:36:41,-25.2406,130.9889,67.84,30,0,8.05
303,Baragua,CU,2022-03-11 22:36:41,21.6967,-78.6328,81.73,63,18,6.73
304,Norilsk,RU,2022-03-11 22:36:41,69.3535,88.2027,-27.26,99,96,7.05
305,Umm Lajj,SA,2022-03-11 22:36:42,25.0213,37.2685,64.33,52,59,17.27
306,Boda,CF,2022-03-11 22:36:42,4.3189,17.4695,73.24,75,100,3.18
307,Nyzhnya Duvanka,UA,2022-03-11 22:36:42,49.5846,38.1743,4.41,96,11,7.18
308,Yanam,IN,2022-03-11 22:36:42,16.7333,82.2167,68.79,87,0,0.54
309,Taormina,IT,2022-03-11 22:36:43,37.8536,15.2885,50.29,79,90,6.35
310,Maiduguri,NG,2022-03-11 22:36:43,11.8464,13.1603,76.62,22,39,8.59
311,Tsabong,BW,2022-03-11 22:36:43,-26.0217,22.401,74.59,64,43,8.01
312,Medea,DZ,2022-03-11 22:36:43,36.2642,2.7539,50.47,75,100,3.2
313,Kandy,LK,2022-03-11 22:36:44,7.2955,80.6356,66.34,93,48,3.27
314,Avera,US,2022-03-11 22:27:47,33.194,-82.5271,56.37,91,100,5.5
315,La Palma,US,2022-03-11 22:36:44,33.8464,-118.0467,79.5,18,0,9.22
316,Eyl,SO,2022-03-11 22:32:00,7.9803,49.8164,74.5,76,92,10.33
317,Okhotsk,RU,2022-03-11 22:36:45,59.3833,143.3,7.95,78,98,17.29
318,Codrington,AU,2022-03-11 22:36:45,-38.2667,141.9667,58.96,61,2,7.52
319,Kermanshah,IR,2022-03-11 22:36:45,34.3142,47.065,41.9,42,40,0.0
320,San Luis,AR,2022-03-11 22:33:22,-33.295,-66.3356,69.69,34,32,13.65
321,Atar,MR,2022-03-11 22:36:46,20.5169,-13.0499,72.09,9,0,9.17
322,Kongolo,CD,2022-03-11 22:36:46,-5.3833,27.0,71.83,95,90,3.44
323,Shonguy,RU,2022-03-11 22:37:16,68.7526,33.146,30.27,86,0,6.71
324,Fortuna,US,2022-03-11 22:37:16,40.5982,-124.1573,65.86,68,0,13.8
325,Meulaboh,ID,2022-03-11 22:37:17,4.1363,96.1285,76.44,88,91,2.91
326,Awbari,LY,2022-03-11 22:37:17,26.5921,12.7805,52.63,29,0,8.01
327,Gazli,UZ,2022-03-11 22:37:17,40.1333,63.45,54.27,94,99,7.65
328,Cukai,MY,2022-03-11 22:37:18,4.25,103.4167,77.0,89,71,5.28
329,Tateyama,JP,2022-03-11 22:37:18,34.9833,139.8667,51.1,55,0,6.58
330,Zhaotong,CN,2022-03-11 22:37:18,27.3167,103.7167,51.75,92,60,4.76
331,Karasjok,NO,2022-03-11 22:37:19,69.4719,25.5112,25.45,97,100,3.69
332,Kerouane,GN,2022-03-11 22:37:19,9.2667,-9.0167,81.63,18,99,2.24
333,Lagoa,PT,2022-03-11 22:31:01,39.05,-27.9833,58.42,75,100,18.84
334,Kununurra,AU,2022-03-11 22:37:19,-15.7667,128.7333,75.18,94,100,10.36
335,Vilyuysk,RU,2022-03-11 22:37:19,63.7553,121.6247,-19.07,100,100,2.77
336,Sao Joao Da Barra,BR,2022-03-11 22:35:58,-21.6403,-41.0511,79.09,84,1,16.89
337,Bachaquero,VE,2022-03-11 22:37:20,9.9694,-71.1494,79.3,81,90,0.38
338,Geraldton,AU,2022-03-11 22:37:20,-28.7667,114.6,66.61,94,29,3.44
339,Port-Gentil,GA,2022-03-11 22:37:20,-0.7193,8.7815,82.18,81,100,13.76
340,Waipawa,NZ,2022-03-11 22:37:21,-41.4122,175.5153,68.59,69,81,10.85
341,Cabo San Lucas,MX,2022-03-11 22:37:21,22.8909,-109.9124,79.18,58,0,11.5
342,Smithers,CA,2022-03-11 22:37:21,54.7804,-127.1743,44.92,61,75,8.05
343,Great Falls,US,2022-03-11 22:37:21,47.5002,-111.3008,43.99,40,0,25.32
344,Mbala,ZM,2022-03-11 22:37:22,-8.8402,31.3659,61.12,90,100,3.89
345,Husavik,IS,2022-03-11 22:37:22,66.0449,-17.3389,33.15,85,100,9.55
346,Sokoni,TZ,2022-03-11 22:37:22,-6.4333,39.55,80.46,74,54,12.21
347,Lubyany,RU,2022-03-11 22:37:23,56.0378,51.4,-2.88,100,95,4.07
348,Kiama,AU,2022-03-11 22:37:23,-34.6833,150.8667,66.38,94,94,5.61
349,Baiyin,CN,2022-03-11 22:37:23,36.5583,104.2081,43.12,35,30,3.2
350,Seymchan,RU,2022-03-11 22:37:23,62.8833,152.4333,0.95,96,79,2.01
351,Pareora,NZ,2022-03-11 22:37:24,-44.4871,171.2132,74.17,24,43,11.27
352,Grande Prairie,CA,2022-03-11 22:36:39,55.1667,-118.8027,32.18,64,75,2.3
353,Vanino,RU,2022-03-11 22:37:25,49.0869,140.2543,23.97,87,99,4.76
354,Jutai,BR,2022-03-11 22:37:25,-5.1833,-68.9,77.31,90,96,2.08
355,Ilulissat,GL,2022-03-11 22:37:25,69.2167,-51.1,5.02,72,75,6.91
356,Zlobin,HR,2022-03-11 22:37:26,45.2924,14.6541,31.3,39,0,4.61
357,Tual,ID,2022-03-11 22:37:26,-5.6667,132.75,82.42,74,97,5.57
358,Bolshoye Nagatkino,RU,2022-03-11 22:37:26,54.5196,47.9679,-6.3,100,99,4.76
359,Dakar,SN,2022-03-11 22:34:56,14.6937,-17.4441,77.88,69,1,12.95
360,Vilhena,BR,2022-03-11 22:37:27,-12.7406,-60.1458,73.62,94,40,1.14
361,Coxim,BR,2022-03-11 22:37:27,-18.5067,-54.76,78.03,78,100,4.05
362,Gora,PL,2022-03-11 22:35:08,51.6664,16.5349,31.68,37,1,13.33
363,Ferry Pass,US,2022-03-11 22:37:27,30.5102,-87.2125,75.2,89,75,6.91
364,Madaoua,NE,2022-03-11 22:37:27,14.073,5.96,80.49,19,46,9.33
365,Acapulco,MX,2022-03-11 22:29:38,16.8634,-99.8901,78.62,78,0,11.5
366,Bengkulu,ID,2022-03-11 22:37:28,-3.8004,102.2655,75.15,89,99,4.25
367,Faya,SA,2022-03-11 22:31:09,18.3851,42.4509,60.91,71,35,2.46
368,Komsomolskiy,UZ,2022-03-11 22:37:58,40.4272,71.7189,50.72,87,75,0.0
369,Santa Maria,BR,2022-03-11 22:36:36,-29.6842,-53.8069,69.1,78,20,4.61
370,Saint Anthony,US,2022-03-11 22:37:59,45.0205,-93.218,12.87,54,75,21.85
371,Davila,PH,2022-03-11 22:37:59,18.4726,120.5763,75.18,85,29,16.78
372,Lundazi,ZM,2022-03-11 22:37:59,-12.2929,33.1782,64.24,97,100,4.18
373,Jodhpur,IN,2022-03-11 22:38:00,26.2867,73.03,72.93,27,0,6.13
374,Saint-Pierre,RE,2022-03-11 22:38:00,-21.3393,55.4781,75.9,72,0,6.91
375,Fort Nelson,CA,2022-03-11 22:38:00,58.8053,-122.7002,15.39,67,100,4.61
376,Leesburg,US,2022-03-11 22:38:01,39.1157,-77.5636,61.48,55,17,11.01
377,Bac Lieu,VN,2022-03-11 22:38:01,9.285,105.7244,77.72,81,99,3.33
378,Ahuimanu,US,2022-03-11 22:38:01,21.4447,-157.8378,85.71,62,75,12.66
379,Brora,GB,2022-03-11 22:38:02,58.0099,-3.8518,48.16,88,100,19.28
380,Isangel,VU,2022-03-11 22:38:02,-19.55,169.2667,83.97,68,6,1.28
381,Caravelas,BR,2022-03-11 22:38:02,-17.7125,-39.2481,76.46,85,84,4.99
382,Alta,NO,2022-03-11 22:38:02,69.9689,23.2717,33.06,72,0,2.3
383,Ust-Koksa,RU,2022-03-11 22:38:03,50.2696,85.6108,15.53,89,100,0.72
384,Nizwa,OM,2022-03-11 22:38:03,22.9333,57.5333,72.81,32,18,1.07
385,Tierralta,CO,2022-03-11 22:38:03,8.1736,-76.0592,82.42,74,36,7.74
386,Muros,ES,2022-03-11 22:38:04,42.7762,-9.0603,47.68,91,45,9.04
387,Rampura,IN,2022-03-11 22:38:04,30.25,75.2333,59.31,40,0,4.14
388,Upata,VE,2022-03-11 22:38:04,8.0086,-62.3989,72.19,91,73,6.2
389,Tahe,CN,2022-03-11 22:38:05,52.3333,124.7333,3.6,91,34,3.02
390,Vanimo,PG,2022-03-11 22:31:07,-2.6741,141.3028,81.03,79,99,4.16
391,Bubaque,GW,2022-03-11 22:38:05,11.2833,-15.8333,75.63,72,8,12.28
392,Jaguariaiva,BR,2022-03-11 22:37:03,-24.2511,-49.7058,66.83,97,96,4.16
393,Sarangani,PH,2022-03-11 22:38:05,5.4033,125.4636,83.21,78,87,15.37
394,Cayenne,GF,2022-03-11 22:38:05,4.9333,-52.3333,81.09,55,100,5.75
395,Yumen,CN,2022-03-11 22:38:06,40.2833,97.2,44.6,29,99,3.09
396,Kamenka,RU,2022-03-11 22:38:06,51.3223,42.7678,-6.18,100,33,6.76
397,Namatanai,PG,2022-03-11 22:38:07,-3.6667,152.4333,84.0,62,95,5.12
398,Ilo,PE,2022-03-11 22:38:07,-17.6394,-71.3375,71.73,87,77,6.17
399,Pinotepa Nacional,MX,2022-03-11 22:38:07,16.3167,-98.0167,85.96,44,74,10.6
400,Imeni Zhelyabova,RU,2022-03-11 22:38:07,58.9544,36.5956,28.02,98,100,4.09
401,Conde,BR,2022-03-11 22:38:08,-7.2597,-34.9075,80.06,83,20,6.91
402,Tezu,IN,2022-03-11 22:38:08,27.9167,96.1667,68.92,26,55,4.41
403,Abohar,IN,2022-03-11 22:38:08,30.15,74.1833,61.45,39,3,2.33
404,Uruacu,BR,2022-03-11 22:35:00,-14.5247,-49.1408,73.11,86,60,1.3
405,Hihya,EG,2022-03-11 22:38:09,30.6713,31.588,43.99,73,100,4.5
406,Lavrentiya,RU,2022-03-11 22:38:09,65.5833,-171.0,16.09,74,1,9.28
407,Praia,CV,2022-03-11 22:38:10,14.9215,-23.5087,72.14,73,40,21.85
408,Horodnytsya,UA,2022-03-11 22:38:10,50.807,27.3168,25.32,57,53,3.98
409,Mayo,US,2022-03-11 22:28:56,38.8876,-76.5119,61.18,68,0,15.99
410,Hamilton,US,2022-03-11 22:34:59,39.1834,-84.5333,36.99,82,100,18.41
411,Visnes,NO,2022-03-11 22:38:10,59.3556,5.2242,42.85,33,5,23.02
412,Pundaguitan,PH,2022-03-11 22:38:11,6.3711,126.1689,82.56,76,100,7.99
413,Seddon,AU,2022-03-11 22:38:41,-37.8068,144.8916,64.81,80,75,3.44
414,Constitucion,CL,2022-03-11 22:38:41,-35.3333,-72.4167,61.02,76,0,6.04
415,Buriti Bravo,BR,2022-03-11 22:37:21,-5.8372,-43.8336,72.45,97,99,2.91
416,Mahibadhoo,MV,2022-03-11 22:38:42,3.7833,72.9667,81.82,71,3,5.1
417,Tyazhinskiy,RU,2022-03-11 22:38:42,56.116,88.524,-18.24,100,100,3.38
418,Caraquet,CA,2022-03-11 22:38:42,47.7941,-64.9386,23.54,78,100,5.84
419,Bud,US,2022-03-11 22:38:43,39.447,-86.1758,30.67,74,100,12.46
420,Asau,RO,2022-03-11 22:38:43,46.4333,26.4,23.92,91,100,8.08
421,Kupang,ID,2022-03-11 22:38:43,-10.1667,123.5833,78.48,83,56,5.46
422,Dalvik,IS,2022-03-11 22:38:44,65.9702,-18.5286,37.33,73,100,8.12
423,Businga,CD,2022-03-11 22:38:44,3.3333,20.8833,70.48,98,97,2.26
424,Sivas,TR,2022-03-11 22:38:44,39.7916,37.0019,12.83,92,100,9.22
425,Dutlwe,BW,2022-03-11 22:38:44,-23.9833,23.9,71.4,49,5,9.6
426,Todos Santos,MX,2022-03-11 22:38:45,23.45,-110.2167,70.66,59,1,11.01
427,El Dorado,US,2022-03-11 22:38:45,38.7666,-120.5177,62.92,28,4,3.0
428,Byron Bay,AU,2022-03-11 22:34:39,-28.65,153.6167,69.94,78,99,8.88
429,Petropavl,KZ,2022-03-11 22:38:45,54.8753,69.1628,-3.3,92,100,9.69
430,Mundra,IN,2022-03-11 22:38:46,22.85,69.7333,78.84,36,0,8.99
431,Mahajanga,MG,2022-03-11 22:38:46,-15.7167,46.3167,78.82,94,40,2.3
432,Nhamunda,BR,2022-03-11 22:38:46,-2.1861,-56.7131,74.52,93,72,3.38
433,Filadelfia,US,2022-03-11 22:34:15,39.9523,-75.1638,58.5,46,20,10.36
434,Khorramshahr,IR,2022-03-11 22:38:47,30.4397,48.1664,66.16,39,0,6.91
435,Evensk,RU,2022-03-11 22:38:47,61.95,159.2333,22.32,61,70,10.18
436,Leshukonskoye,RU,2022-03-11 22:38:47,64.8989,45.7622,24.57,97,99,5.06
437,Hammerfest,NO,2022-03-11 22:38:47,70.6634,23.6821,36.05,100,75,0.0
438,Tatawin,TN,2022-03-11 22:38:48,32.9297,10.4518,56.35,38,5,3.96
439,Athabasca,CA,2022-03-11 22:37:44,54.7169,-113.2854,16.21,93,100,11.59
440,Fare,PF,2022-03-11 22:38:48,-16.7,-151.0167,81.3,71,27,9.62
441,Kuching,MY,2022-03-11 22:38:48,1.55,110.3333,77.22,88,20,0.0
442,Portland,US,2022-03-11 22:35:56,45.5234,-122.6762,62.67,37,0,5.75
443,Obera,AR,2022-03-11 22:38:49,-27.4871,-55.1199,64.35,94,89,4.34
444,Sretensk,RU,2022-03-11 22:38:49,52.2453,117.7093,10.38,93,100,3.4
445,Morrope,PE,2022-03-11 22:38:49,-6.5417,-80.0111,78.91,62,12,16.67
446,Kasongo-Lunda,CD,2022-03-11 22:38:50,-6.4667,16.8167,70.74,95,97,1.41
447,Richards Bay,ZA,2022-03-11 22:34:07,-28.783,32.0377,72.46,92,35,4.03
448,Peniche,PT,2022-03-11 22:38:50,39.3558,-9.3811,50.56,87,15,3.42
449,College,US,2022-03-11 22:38:50,64.8569,-147.8028,21.97,35,20,10.36
450,Tenenkou,ML,2022-03-11 22:38:51,14.4572,-4.9169,82.4,11,45,10.47
451,Ostrovnoy,RU,2022-03-11 22:31:03,68.0531,39.5131,28.83,84,97,19.82
452,Pangody,RU,2022-03-11 22:38:51,65.85,74.4859,-11.25,100,48,9.48
453,Irtyshskiy,RU,2022-03-11 22:38:51,58.3333,68.1333,-20.42,100,80,3.09
454,Collie,AU,2022-03-11 22:38:51,-33.3667,116.15,66.92,72,49,7.2
455,Le Passage,FR,2022-03-11 22:37:56,44.2014,0.6028,49.75,100,100,3.44
456,Petropavlovsk-Kamchatskiy,RU,2022-03-11 22:38:52,53.0452,158.6483,28.99,86,75,2.24
457,Vuktyl,RU,2022-03-11 22:38:52,63.8567,57.3094,11.57,93,100,13.29
458,Goderich,CA,2022-03-11 22:38:51,43.7501,-81.7165,26.91,86,100,8.05
459,Beloha,MG,2022-03-11 22:39:22,-25.1667,45.05,74.34,86,31,15.05
460,Aykhal,RU,2022-03-11 22:39:23,66.0,111.5,-11.85,100,100,3.02
461,Pavlogradka,RU,2022-03-11 22:39:23,54.2024,73.5592,-0.02,92,100,11.92
462,Ternate,ID,2022-03-11 22:39:23,0.8,127.4,81.59,80,99,4.59
463,Labrea,BR,2022-03-11 22:39:24,-7.2586,-64.7981,76.87,92,67,1.32
464,Catio,GW,2022-03-11 22:39:24,11.2833,-15.25,73.17,75,27,1.41
465,Usogorsk,RU,2022-03-11 22:39:24,63.4106,48.6872,19.89,96,100,6.11
466,Dinguiraye,GN,2022-03-11 22:39:24,11.3,-10.7167,81.23,14,69,1.92
467,Coquimbo,CL,2022-03-11 22:39:25,-29.9533,-71.3436,62.33,77,20,11.5
468,Normandin,CA,2022-03-11 22:36:38,48.8333,-72.5321,19.71,49,98,2.3
469,Sinnamary,GF,2022-03-11 22:39:25,5.3833,-52.95,76.71,87,98,10.45
470,Khani,GE,2022-03-11 22:39:26,41.9563,42.9566,27.97,98,100,3.04
471,Zhanakorgan,KZ,2022-03-11 22:39:26,43.9098,67.2495,52.05,73,99,6.87
472,Bilibino,RU,2022-03-11 22:39:26,68.0546,166.4372,12.22,57,0,2.26
473,Lata,PT,2022-03-11 22:39:27,40.1629,-8.3327,47.07,94,14,2.35
474,Odlabari,IN,2022-03-11 22:39:27,26.8333,88.6167,68.65,33,0,5.06
475,Luganville,VU,2022-03-11 22:39:27,-15.5333,167.1667,85.24,69,63,6.15
476,Tigil,RU,2022-03-11 22:39:28,57.8,158.6667,12.96,78,6,2.84
477,Okato,NZ,2022-03-11 22:39:28,-39.2,173.8833,68.92,90,99,2.59
478,Hailar,CN,2022-03-11 22:39:28,49.2,119.7,15.84,75,100,15.46
479,Takoradi,GH,2022-03-11 22:39:29,4.8845,-1.7554,81.07,83,77,7.25
480,Shache,CN,2022-03-11 22:39:29,38.4167,77.2406,52.57,22,87,6.64
481,Tymovskoye,RU,2022-03-11 22:39:29,50.8456,142.655,23.32,91,100,4.74
482,Bell Ville,AR,2022-03-11 22:39:29,-32.6259,-62.6887,66.67,60,0,7.02
483,Kandi,BJ,2022-03-11 22:39:30,11.1342,2.9386,86.88,14,41,3.85
484,Puerto Ayacucho,VE,2022-03-11 22:39:30,5.6639,-67.6236,75.07,91,100,10.36
485,Leningradskiy,RU,2022-03-11 22:39:30,69.3833,178.4167,6.75,78,1,1.19
486,Atakpame,TG,2022-03-11 22:39:31,7.5333,1.1333,80.29,68,57,7.18
487,Nago,JP,2022-03-11 22:39:31,26.5881,127.9761,65.25,73,0,7.76
488,Quelimane,MZ,2022-03-11 22:31:07,-17.8786,36.8883,79.21,78,99,7.61
489,Pudozh,RU,2022-03-11 22:39:31,61.8099,36.5345,30.18,96,96,3.11
490,Kaseda,JP,2022-03-11 22:39:32,31.4167,130.3167,59.72,76,7,3.22
491,Dunedin,NZ,2022-03-11 22:39:32,-45.8742,170.5036,61.81,61,100,21.0
492,Nouadhibou,MR,2022-03-11 22:39:32,20.931,-17.0347,67.98,60,0,26.46
493,Haines Junction,CA,2022-03-11 22:39:33,60.7522,-137.5108,30.15,64,100,6.91
494,Sena Madureira,BR,2022-03-11 22:39:33,-9.0656,-68.6569,75.85,94,59,1.41
495,Balkhash,KZ,2022-03-11 22:39:33,46.844,74.9804,28.65,88,100,10.22
496,Chinhoyi,ZW,2022-03-11 22:39:33,-17.3667,30.2,64.04,86,79,4.05
497,Nelson Bay,AU,2022-03-11 22:39:34,-32.7167,152.15,69.01,87,23,1.01
498,Santa Cruz,BO,2022-03-11 22:39:34,-17.8,-63.1667,75.25,64,75,12.66
499,Shabqadar,PK,2022-03-11 22:39:34,34.2139,71.5552,62.82,37,49,3.53
500,Tianpeng,CN,2022-03-11 22:39:35,30.9866,103.9393,63.07,63,91,4.63
501,Champasak,LA,2022-03-11 22:39:35,14.75,106.0,70.57,72,94,1.68
502,Gilgit,PK,2022-03-11 22:39:35,35.9221,74.3087,43.39,59,99,2.19
503,Nabire,ID,2022-03-11 22:40:06,-3.3667,135.4833,79.65,77,99,2.35
504,Urucui,BR,2022-03-11 22:40:06,-7.2294,-44.5561,76.64,88,99,2.62
505,Meligalas,GR,2022-03-11 22:40:06,37.2167,21.9667,41.47,81,90,2.3
506,Buchanan,LR,2022-03-11 22:40:07,5.8808,-10.0467,80.08,87,96,8.25
507,San Martin,AR,2022-03-11 22:40:07,-33.081,-68.4681,77.54,29,1,6.8
508,Jalu,LY,2022-03-11 22:40:07,29.0331,21.5482,54.32,42,52,5.84
509,Itarema,BR,2022-03-11 22:40:08,-2.9248,-39.9167,75.67,89,100,4.79
510,North Bend,US,2022-03-11 22:40:08,43.4065,-124.2243,66.24,76,0,5.75
511,Porto Velho,BR,2022-03-11 22:40:08,-8.7619,-63.9039,82.45,78,20,3.44
512,Kilindoni,TZ,2022-03-11 22:40:09,-7.9139,39.6668,80.89,76,97,13.44
513,Hay River,CA,2022-03-11 22:40:09,60.8156,-115.7999,6.78,61,100,10.36
514,Beringovskiy,RU,2022-03-11 22:40:09,63.05,179.3167,9.27,79,3,9.31
515,Russell,US,2022-03-11 22:40:10,32.3502,-85.1999,63.12,88,100,0.0
516,Kulhudhuffushi,MV,2022-03-11 22:40:10,6.6221,73.07,82.04,69,2,5.3
517,Clarksburg,US,2022-03-11 22:40:10,39.2807,-80.3445,62.71,39,20,9.22
518,Dire Dawa,ET,2022-03-11 22:40:11,9.5931,41.8661,70.32,59,82,1.72
519,Berlevag,NO,2022-03-11 22:40:11,70.8578,29.0864,33.6,77,95,13.94
520,Plettenberg Bay,ZA,2022-03-11 22:40:11,-34.0527,23.3716,70.99,93,100,1.32
521,Punta Gorda,US,2022-03-11 22:39:21,26.9298,-82.0454,84.25,70,20,17.0
522,Sumbawanga,TZ,2022-03-11 22:40:12,-7.9667,31.6167,58.05,85,98,2.06
523,Venice,US,2022-03-11 22:39:18,27.0998,-82.4543,82.15,88,0,12.66
524,Ust-Ishim,RU,2022-03-11 22:40:12,57.6935,71.1665,-17.97,100,98,3.33
525,Atambua,ID,2022-03-11 22:40:12,-9.1061,124.8925,76.1,88,43,2.8
526,Sitka,US,2022-03-11 22:40:13,57.0531,-135.33,42.69,75,100,12.66
527,Kloulklubed,PW,2022-03-11 22:40:13,7.0419,134.2556,79.3,79,91,15.66
528,Panaba,MX,2022-03-11 22:40:13,21.2833,-88.2667,92.64,27,6,16.02
529,Vung Tau,VN,2022-03-11 22:40:14,10.346,107.0843,77.36,79,98,7.81
530,Soller,ES,2022-03-11 22:40:14,39.7662,2.7152,57.85,88,100,1.99
531,Port Macquarie,AU,2022-03-11 22:40:14,-31.4333,152.9167,69.89,70,57,2.84
532,Nanyamba,TZ,2022-03-11 22:40:14,-10.6833,39.8333,71.17,97,100,4.21
533,Gravelbourg,CA,2022-03-11 22:40:15,49.8834,-106.5512,5.27,83,88,8.72
534,Iglesias,IT,2022-03-11 22:40:15,39.3114,8.535,53.02,84,100,8.39
